{
  "model": "EleutherAI/pythia-160m",
  "corpus": "corpora/rep2text-stratified.txt",
  "n_test": 983,
  "hidden": 768,
  "defense": "snd_dx",
  "clip_C": 0.8184283375740051,
  "clip_percentile": 99.9,
  "standardized": true,
  "standardize_note": "cos/MSE measured on pooled embeddings standardized per-dim by clean-TRAIN (\u03bc,\u03c3); the denoiser is trained against the standardized target. Corrects LLM anisotropy so cos/MSE reflect content, not outlier-dim magnitude.",
  "budget_note": "eta is the d\u03c7-privacy budget (larger=weaker privacy); NOT the Gaussian \u03b5 of dp_leakage_sweep \u2014 the two are not interchangeable.",
  "etas": [
    null,
    5000.0,
    3000.0,
    2000.0,
    1500.0,
    1200.0,
    1000.0,
    800.0
  ],
  "train_etas": [
    5000.0,
    2000.0,
    1200.0,
    800.0
  ],
  "epochs": 10,
  "seed": 20260626,
  "readout_note": "recovery_cos = fraction of (1-cos) gap closed by the denoiser; recovery_mse = fraction of noised MSE removed; ppl/acc degradation = generation-utility cost of the d\u03c7 noise (denoiser does not touch logits).",
  "records": [
    {
      "eta": null,
      "cos_noised": 1.0,
      "cos_denoised": 0.8424763679504395,
      "mse_noised": 0.0,
      "mse_denoised": 0.29432591795921326,
      "recovery_cos": 0.0,
      "recovery_mse": 0.0,
      "perplexity": 42.02154842229676,
      "acc": 0.3385359301544661,
      "ppl_degradation": 0.0,
      "retention_acc": 1.0
    },
    {
      "eta": 5000.0,
      "cos_noised": 0.9911303520202637,
      "cos_denoised": 0.8393768072128296,
      "mse_noised": 0.01701003685593605,
      "mse_denoised": 0.29885202646255493,
      "recovery_cos": -17.109308639320467,
      "recovery_mse": -16.569158079646577,
      "perplexity": 43.056234367331726,
      "acc": 0.3379986568166555,
      "ppl_degradation": 0.02462274675451881,
      "retention_acc": 0.9984129503253452
    },
    {
      "eta": 3000.0,
      "cos_noised": 0.9740273356437683,
      "cos_denoised": 0.8337997198104858,
      "mse_noised": 0.049390118569135666,
      "mse_denoised": 0.3074910342693329,
      "recovery_cos": -5.399046239922524,
      "recovery_mse": -5.2257601961192055,
      "perplexity": 45.339558041119325,
      "acc": 0.33066487575554065,
      "ppl_degradation": 0.07895971813028235,
      "retention_acc": 0.976749722266307
    },
    {
      "eta": 2000.0,
      "cos_noised": 0.9324663281440735,
      "cos_denoised": 0.8225886225700378,
      "mse_noised": 0.12682220339775085,
      "mse_denoised": 0.32333678007125854,
      "recovery_cos": -1.6270062408044998,
      "recovery_mse": -1.5495281694261496,
      "perplexity": 51.9843538684707,
      "acc": 0.318683680322364,
      "ppl_degradation": 0.23708801365557597,
      "retention_acc": 0.9413585145215044
    },
    {
      "eta": 1500.0,
      "cos_noised": 0.8694921731948853,
      "cos_denoised": 0.805088460445404,
      "mse_noised": 0.24717199802398682,
      "mse_denoised": 0.3481411337852478,
      "recovery_cos": -0.4934854431807698,
      "recovery_mse": -0.40849746965051614,
      "perplexity": 66.0061190997971,
      "acc": 0.29700470114170585,
      "ppl_degradation": 0.5707683695152475,
      "retention_acc": 0.8773210601491827
    },
    {
      "eta": 1200.0,
      "cos_noised": 0.7895307540893555,
      "cos_denoised": 0.7814462184906006,
      "mse_noised": 0.41248390078544617,
      "mse_denoised": 0.38522154092788696,
      "recovery_cos": -0.03841195688127852,
      "recovery_mse": 0.06609314886143824,
      "perplexity": 91.67141204939294,
      "acc": 0.2682337139019476,
      "ppl_degradation": 1.1815334153834232,
      "retention_acc": 0.7923345500714172
    },
    {
      "eta": 1000.0,
      "cos_noised": 0.6810504198074341,
      "cos_denoised": 0.7510738968849182,
      "mse_noised": 0.6373876929283142,
      "mse_denoised": 0.4265364408493042,
      "recovery_cos": 0.21954403274400747,
      "recovery_mse": 0.33080533938505785,
      "perplexity": 166.312823353784,
      "acc": 0.22984553391537946,
      "ppl_degradation": 2.957798548554625,
      "retention_acc": 0.6789398508173305
    },
    {
      "eta": 800.0,
      "cos_noised": 0.5081284046173096,
      "cos_denoised": 0.6920179724693298,
      "mse_noised": 1.069828748703003,
      "mse_denoised": 0.5116108655929565,
      "recovery_cos": 0.37385685528140494,
      "recovery_mse": 0.5217824663870705,
      "perplexity": 364.11962342134257,
      "acc": 0.17163196776359974,
      "ppl_degradation": 7.66506916313773,
      "retention_acc": 0.5069830185684812
    }
  ]
}