{
  "n": 9,
  "cells": [
    [
      "kq",
      0
    ],
    [
      "kq",
      12
    ],
    [
      "kq",
      20
    ],
    [
      "kqv_out",
      0
    ],
    [
      "kqv_out",
      12
    ],
    [
      "kqv_out",
      20
    ],
    [
      "resid_post",
      0
    ],
    [
      "resid_post",
      12
    ],
    [
      "resid_post",
      20
    ]
  ],
  "spearman_obs": 0.9166666666666666,
  "permutation_p_two_sided": 0.0013117283950617284,
  "permutation_total": 362880,
  "leave_one_kind_out": {
    "kq": {
      "n": 6,
      "spearman": 0.7714285714285715
    },
    "kqv_out": {
      "n": 6,
      "spearman": 0.8857142857142858
    },
    "resid_post": {
      "n": 6,
      "spearman": 0.7714285714285715
    }
  },
  "within_family": {
    "kq": {
      "n": 3,
      "spearman": 0.5
    },
    "kqv_out": {
      "n": 3,
      "spearman": -0.5
    },
    "resid_post": {
      "n": 3,
      "spearman": 0.5
    }
  },
  "across_family_means": {
    "n": 3,
    "spearman": 1.0,
    "family_order_negentropy": {
      "kq": 3.560192411073381,
      "kqv_out": 46.958835049768346,
      "resid_post": 280.29246116545954
    },
    "family_order_margin": {
      "kq": 0.004582233232678923,
      "kqv_out": 0.02418460059541964,
      "resid_post": 0.06802732808302914
    }
  }
}