{
  "C0_feat_gram_leak_by_kappa": {
    "1.0": 2.526496378084635e-16,
    "3.0": 2.8019185966127367,
    "10.0": 25.293123023922142,
    "30.0": 189.0535406407662,
    "100.0": 1780.2366121185162
  },
  "C1_by_kappa_shield0": {
    "1.0": {
      "jade_p95": 0.7212235946597966,
      "floor_p95": 0.6740969936298723,
      "genuine_margin": 0.047126601029924275,
      "negentropy_bits": 66.56728640653992,
      "feat_gram_relerr": 2.526496378084635e-16
    },
    "3.0": {
      "jade_p95": 0.7051977035178575,
      "floor_p95": 0.6681757737700664,
      "genuine_margin": 0.03702192974779106,
      "negentropy_bits": 48.0706031650302,
      "feat_gram_relerr": 2.8019185966127367
    },
    "10.0": {
      "jade_p95": 0.7045670968507627,
      "floor_p95": 0.6634534915701067,
      "genuine_margin": 0.02245406664066185,
      "negentropy_bits": 30.46437138532847,
      "feat_gram_relerr": 25.293123023922142
    },
    "30.0": {
      "jade_p95": 0.7007791833430971,
      "floor_p95": 0.6597288754841891,
      "genuine_margin": 0.02511668548318602,
      "negentropy_bits": 21.68053298228297,
      "feat_gram_relerr": 189.0535406407662
    },
    "100.0": {
      "jade_p95": 0.6920507069884936,
      "floor_p95": 0.6661965643150883,
      "genuine_margin": 0.025854142673405245,
      "negentropy_bits": 20.812044141294752,
      "feat_gram_relerr": 1780.2366121185162
    }
  },
  "C1_ridge_median_p95": 0.28811069776492826,
  "C1_random_floor_median_p95": 0.6670698839386053,
  "C1_ridge_below_floor": true,
  "C2_spearman_bits_vs_margin_all": {
    "rho": 0.29262187088274044,
    "p": 0.051097259705570865,
    "n": 45
  },
  "C2_spearman_bits_vs_margin_shield0": {
    "rho": 0.5071428571428571,
    "p": 0.05366366378080595,
    "n": 15
  }
}